col_name,label,family,ks_stat,ks_pvalue,params_json,bic_1comp,bic_2comp,best_fit,skipped
home_win,target,bernoulli,,,{},,,bernoulli,True
away_win,target,bernoulli,,,{},,,bernoulli,True
yrfi,target,bernoulli,,,{},,,bernoulli,True
nrfi,target,bernoulli,,,{},,,bernoulli,True
extra_innings,target,bernoulli,,,{},,,bernoulli,True
total_runs,target,normal,0.10295175565732362,0.0,"{""loc"": 8.98631, ""scale"": 4.674974073072492}",,,gmm2,False
total_runs,target,lognormal,0.12567209986978262,0.0,"{""s"": 0.6873148190382335, ""loc"": 0, ""scale"": 7.67277723616137}",,,gmm2,False
total_runs,target,student_t,0.08608380013594319,0.0,"{""df"": 9.37127681436883, ""loc"": 8.701363545921556, ""scale"": 4.125392527644637}",,,gmm2,False
total_runs,target,poisson,0.1352545632555121,0.0,"{""lambda"": 8.98631}",,,gmm2,False
total_runs,target,negative_binomial,0.10266101245493964,0.0,"{""n"": 6.275026183093248, ""p"": 0.4111714798632653}",,,gmm2,False
total_runs,target,gmm2,0.06164000000000003,1.804859338755483e-30,"{""means"": [13.878060012200754, 7.210054999991598], ""covariances"": [22.290071184511678, 9.853465890723005], ""weights"": [0.2663847727706598, 0.7336152272293401]}",592255.4558635497,582520.2022390383,gmm2,False
home_runs,target,normal,0.12813440778759444,0.0,"{""loc"": 4.56057, ""scale"": 3.140915674624201}",,,gmm2,False
home_runs,target,lognormal,0.43383189936422084,0.0,"{""s"": 5.121956389077617, ""loc"": 0, ""scale"": 1.1394671739246185}",,,gmm2,False
home_runs,target,student_t,0.09173221820199826,0.0,"{""df"": 9.234558533055374, ""loc"": 4.179884257199955, ""scale"": 2.8672763265464454}",,,gmm2,False
home_runs,target,poisson,0.1477228897485896,0.0,"{""lambda"": 4.56057}",,,gmm2,False
home_runs,target,negative_binomial,0.14917056737100515,0.0,"{""n"": 3.9207646171062778, ""p"": 0.4622815622907226}",,,gmm2,False
home_runs,target,gmm2,0.08518999999999999,7.56005524728669e-58,"{""means"": [8.181082948455051, 3.399453609118882], ""covariances"": [10.457691120651027, 4.123358079668909], ""weights"": [0.24282860683681437, 0.7571713931631857]}",512713.6071980255,499081.21616970387,gmm2,False
away_runs,target,normal,0.13266041031177384,0.0,"{""loc"": 4.42574, ""scale"": 3.218363784969002}",,,gmm2,False
away_runs,target,lognormal,0.44381611591665326,0.0,"{""s"": 5.591258815136637, ""loc"": 0, ""scale"": 0.8483111137979686}",,,gmm2,False
away_runs,target,student_t,0.11004744193035587,0.0,"{""df"": 7.647305987965586, ""loc"": 4.145978778843853, ""scale"": 2.7572815721942856}",,,gmm2,False
away_runs,target,poisson,0.1529954282760312,0.0,"{""lambda"": 4.42574}",,,gmm2,False
away_runs,target,negative_binomial,0.1425482815098303,0.0,"{""n"": 3.3018813753636125, ""p"": 0.42728301698247306}",,,gmm2,False
away_runs,target,gmm2,0.09290000000000004,9.902761418808116e-69,"{""means"": [8.219843570989461, 3.1550395046698245], ""covariances"": [10.104815216257578, 4.006767957799832], ""weights"": [0.25088838160226773, 0.7491116183977322]}",517585.3503108236,502522.506977277,gmm2,False
home_run_diff,target,normal,0.11481573456400951,0.0,"{""loc"": 0.13483, ""scale"": 4.311734090954589}",,,gmm2,False
home_run_diff,target,student_t,0.12041329388273414,0.0,"{""df"": 9.466938138647023, ""loc"": 0.1531441274259161, ""scale"": 3.8316453048327306}",,,gmm2,False
home_run_diff,target,gmm2,0.10260000000000002,9.0120110537808e-84,"{""means"": [1.8779374111458256, -2.1147265515161613], ""covariances"": [14.094482825540322, 15.412348029339414], ""weights"": [0.5634224599298173, 0.4365775400701826]}",576078.7653892388,576718.0820510756,gmm2,False
away_run_diff,target,normal,0.11481573456400951,0.0,"{""loc"": -0.13483, ""scale"": 4.311734090954589}",,,gmm2,False
away_run_diff,target,student_t,0.12041359802124596,0.0,"{""df"": 9.467036347699405, ""loc"": -0.15313977987714106, ""scale"": 3.831652132200368}",,,gmm2,False
away_run_diff,target,gmm2,0.1028,4.254572771025178e-84,"{""means"": [-1.8779374111458256, 2.1147265515161613], ""covariances"": [14.094482825540322, 15.412348029339414], ""weights"": [0.5634224599298173, 0.4365775400701826]}",576078.7653892388,576718.0820510756,gmm2,False
first_5_total_runs,target,normal,0.12162390739997286,0.0,"{""loc"": 5.10672, ""scale"": 3.499501513301573}",,,gmm2,False
first_5_total_runs,target,lognormal,0.4160470092038951,0.0,"{""s"": 4.667601757393567, ""loc"": 0, ""scale"": 1.5714633560852278}",,,gmm2,False
first_5_total_runs,target,student_t,0.10211373100232118,0.0,"{""df"": 8.186409976992493, ""loc"": 4.829447122600076, ""scale"": 3.026597674165389}",,,gmm2,False
first_5_total_runs,target,poisson,0.15171669033772583,0.0,"{""lambda"": 5.10672}",,,gmm2,False
first_5_total_runs,target,negative_binomial,0.12839305373224696,0.0,"{""n"": 3.6525704655734543, ""p"": 0.41699387409620825}",,,gmm2,False
first_5_total_runs,target,gmm2,0.07536999999999999,2.3292622458564667e-45,"{""means"": [7.663537292210884, 3.1946303488588037], ""covariances"": [12.476289737046988, 3.529724075232112], ""weights"": [0.42786517494762816, 0.5721348250523719]}",534334.8392080684,520264.1488059919,gmm2,False
first_5_home_runs,target,normal,0.17195973629796923,0.0,"{""loc"": 2.69155, ""scale"": 2.5095514733712876}",,,gmm2,False
first_5_home_runs,target,lognormal,0.4520202845941328,0.0,"{""s"": 8.633329135048239, ""loc"": 0, ""scale"": 0.037696948783974386}",,,gmm2,False
first_5_home_runs,target,student_t,0.14466539977795664,0.0,"{""df"": 5.5434595570463525, ""loc"": 2.348585131544072, ""scale"": 2.005018612418273}",,,gmm2,False
first_5_home_runs,target,poisson,0.1675227924392123,0.0,"{""lambda"": 2.69155}",,,gmm2,False
first_5_home_runs,target,negative_binomial,0.1939166276586837,0.0,"{""n"": 2.008830163847795, ""p"": 0.42737610444754737}",,,gmm2,False
first_5_home_runs,target,gmm2,0.12851999999999997,2.2744301599209813e-131,"{""means"": [4.989397942447623, 1.3869304710814854], ""covariances"": [6.608680026468001, 1.4215239930466212], ""weights"": [0.3621460954995534, 0.6378539045004467]}",467831.5407533999,441906.15639348485,gmm2,False
first_5_away_runs,target,normal,0.18198584202967183,0.0,"{""loc"": 2.41517, ""scale"": 2.3516810734238605}",,,gmm2,False
first_5_away_runs,target,lognormal,0.44416985406321774,0.0,"{""s"": 9.053349165592705, ""loc"": 0, ""scale"": 0.018954923885336827}",,,gmm2,False
first_5_away_runs,target,student_t,0.15687913349905372,0.0,"{""df"": 4.987289394161267, ""loc"": 2.051447181524069, ""scale"": 1.8317623706676747}",,,gmm2,False
first_5_away_runs,target,poisson,0.16362620934922978,0.0,"{""lambda"": 2.41517}",,,gmm2,False
first_5_away_runs,target,negative_binomial,0.21197461950103075,0.0,"{""n"": 1.8724263956594471, ""p"": 0.4367077082056977}",,,gmm2,False
first_5_away_runs,target,gmm2,0.1406,2.9725299078419814e-157,"{""means"": [1.2640325290181387, 4.785296119587797], ""covariances"": [1.2860287958314716, 5.923493296948131], ""weights"": [0.6730896618861167, 0.3269103381138833]}",454836.8170534786,426112.33271746454,gmm2,False
first_5_home_run_diff,target,normal,0.09030624297198586,0.0,"{""loc"": 0.27638, ""scale"": 3.3778682768278574}",,,gmm2,False
first_5_home_run_diff,target,student_t,0.07815983913403796,0.0,"{""df"": 6.321309805044174, ""loc"": 0.2516087589888346, ""scale"": 2.8107340750576286}",,,gmm2,False
first_5_home_run_diff,target,gmm2,0.09381,4.4530104176893876e-70,"{""means"": [1.7783630861817339, -0.8516100787773314], ""covariances"": [10.863596865179836, 8.853756813255494], ""weights"": [0.4288979423084215, 0.5711020576915786]}",527259.69713166,527519.0032779895,gmm2,False
first_5_away_run_diff,target,normal,0.09030624297198575,0.0,"{""loc"": -0.27638, ""scale"": 3.3778682768278574}",,,gmm2,False
first_5_away_run_diff,target,student_t,0.07816032811495882,0.0,"{""df"": 6.32136777794293, ""loc"": -0.25161250843512284, ""scale"": 2.810736758547101}",,,gmm2,False
first_5_away_run_diff,target,gmm2,0.08951000000000009,7.900690861532488e-64,"{""means"": [-1.7783630861817339, 0.8516100787773314], ""covariances"": [10.863596865179836, 8.853756813255494], ""weights"": [0.4288979423084215, 0.5711020576915786]}",527259.69713166,527519.0032779895,gmm2,False
first_5_home_win,target,bernoulli,,,{},,,bernoulli,True
first_5_away_win,target,bernoulli,,,{},,,bernoulli,True
first_5_tie,target,bernoulli,,,{},,,bernoulli,True
bat_game_ab,feature,normal,0.14263807516171478,0.0,"{""loc"": 34.29136, ""scale"": 5.478157477692659}",,,gmm2,False
bat_game_ab,feature,lognormal,0.3414914733659448,0.0,"{""s"": 0.5430598216069346, ""loc"": 0, ""scale"": 33.578028663375164}",,,gmm2,False
bat_game_ab,feature,student_t,0.07294829922715984,0.0,"{""df"": 3.7785001837496104, ""loc"": 33.68256011302748, ""scale"": 3.281290406215483}",,,gmm2,False
bat_game_ab,feature,poisson,0.15889431711255442,0.0,"{""lambda"": 34.29136}",,,gmm2,False
bat_game_ab,feature,gmm2,0.07502000000000003,6.0812816583482e-45,"{""means"": [42.6102533950254, 33.55483571135187], ""covariances"": [163.20500620643426, 11.548096917298059], ""weights"": [0.08133520886515073, 0.9186647911348492]}",623964.4960367914,574300.8775277985,gmm2,False
bat_game_runs,feature,normal,0.12900960714810794,0.0,"{""loc"": 4.50452, ""scale"": 3.1738902894712666}",,,gmm2,False
bat_game_runs,feature,lognormal,0.43884003558703505,0.0,"{""s"": 5.351254859809205, ""loc"": 0, ""scale"": 0.9937149600370986}",,,gmm2,False
bat_game_runs,feature,student_t,0.10487159393793138,0.0,"{""df"": 7.65949678025159, ""loc"": 4.236879737058821, ""scale"": 2.719366017155222}",,,gmm2,False
bat_game_runs,feature,poisson,0.15037103978295985,0.0,"{""lambda"": 4.50452}",,,gmm2,False
bat_game_runs,feature,negative_binomial,0.14542655674332716,0.0,"{""n"": 3.643469813316684, ""p"": 0.4471618027015659}",,,gmm2,False
bat_game_runs,feature,gmm2,0.09109000000000003,4.323487061838355e-66,"{""means"": [8.197873962295642, 3.2937597352688504], ""covariances"": [10.183568413005977, 4.099817567014658], ""weights"": [0.2468866361344443, 0.7531133638655557]}",514802.34371643426,500889.6157891935,gmm2,False
bat_game_hits,feature,normal,0.09606657446997913,0.0,"{""loc"": 8.8522, ""scale"": 3.556700037956533}",,,gmm2,False
bat_game_hits,feature,lognormal,0.21171215757684406,0.0,"{""s"": 0.8774311631677265, ""loc"": 0, ""scale"": 7.9214998363900015}",,,gmm2,False
bat_game_hits,feature,student_t,0.08307429613963307,0.0,"{""df"": 10.308275591737837, ""loc"": 8.703571973305976, ""scale"": 3.1741649040398503}",,,gmm2,False
bat_game_hits,feature,poisson,0.110723488505159,0.0,"{""lambda"": 8.8522}",,,gmm2,False
bat_game_hits,feature,negative_binomial,0.11776365506406233,0.0,"{""n"": 20.632752849592354, ""p"": 0.6997722857093737}",,,gmm2,False
bat_game_hits,feature,gmm2,0.06997000000000003,3.807139193344583e-39,"{""means"": [12.045208210719906, 7.615295893604421], ""covariances"": [13.721178107949456, 6.7558325918600985], ""weights"": [0.27921638575492524, 0.7207836142450748]}",537577.3643608053,532067.657534544,gmm2,False
bat_game_doubles,feature,normal,0.20704204209787436,0.0,"{""loc"": 1.61998, ""scale"": 1.3683876642238486}",,,gmm2,False
bat_game_doubles,feature,lognormal,0.45919200386799053,0.0,"{""s"": 8.827361670649362, ""loc"": 0, ""scale"": 0.016728855601833403}",,,gmm2,False
bat_game_doubles,feature,student_t,0.19415934374763733,0.0,"{""df"": 9.453033466600644, ""loc"": 1.5206071997686936, ""scale"": 1.2084290195371543}",,,gmm2,False
bat_game_doubles,feature,poisson,0.29923100354146026,0.0,"{""lambda"": 1.61998}",,,gmm2,False
bat_game_doubles,feature,negative_binomial,0.31365300110753724,0.0,"{""n"": 10.393209176844483, ""p"": 0.865149880173158}",,,gmm2,False
bat_game_doubles,feature,gmm2,0.17593,1.392256472385573e-246,"{""means"": [2.3950390888750697, 0.6472415395764728], ""covariances"": [1.7211022961146056, 0.36232987601581457], ""weights"": [0.5565509923122903, 0.4434490076877097]}",346537.36435914715,333016.65943618777,gmm2,False
bat_game_triples,feature,normal,0.4876663944748735,0.0,"{""loc"": 0.20908, ""scale"": 0.4706437650707805}",,,normal,False
bat_game_triples,feature,lognormal,0.8161,0.0,"{""s"": 8.064090255910628, ""loc"": 0, ""scale"": 4.595641719304597e-08}",,,normal,False
bat_game_triples,feature,student_t,0.6912131175807167,0.0,"{""df"": 2.121874939844248, ""loc"": -4.607944249351675e-22, ""scale"": 7.944730063415475e-22}",,,normal,False
bat_game_triples,feature,poisson,0.8113303266209555,0.0,"{""lambda"": 0.20908}",,,normal,False
bat_game_triples,feature,gmm2,0.4121,0.0,"{""means"": [0.0, 1.1368830958860308], ""covariances"": [1e-06, 0.14964501727224716], ""weights"": [0.8160936680678721, 0.1839063319321278]}",133079.97078038045,-864735.1784366997,normal,False
bat_game_hr,feature,normal,0.23645693184699346,0.0,"{""loc"": 0.95682, ""scale"": 1.0681364555149309}",,,normal,False
bat_game_hr,feature,lognormal,0.41458,0.0,"{""s"": 10.397565452858013, ""loc"": 0, ""scale"": 0.000230550456119737}",,,normal,False
bat_game_hr,feature,student_t,0.22253639928733635,0.0,"{""df"": 6.2046048989034635, ""loc"": 0.8208996839196012, ""scale"": 0.8766934024625369}",,,normal,False
bat_game_hr,feature,poisson,0.38411242338929746,0.0,"{""lambda"": 0.95682}",,,normal,False
bat_game_hr,feature,negative_binomial,0.4168197097209023,0.0,"{""n"": 4.972987248819453, ""p"": 0.8386423099687615}",,,normal,False
bat_game_hr,feature,gmm2,0.26598,0.0,"{""means"": [0.4197776422316698, 2.0616655047171313], ""covariances"": [0.2619600425096328, 1.1351419469675308], ""weights"": [0.6729116707428111, 0.3270883292571889]}",296993.8324344088,270271.52848729066,normal,False
bat_game_rbi,feature,normal,0.13248660924304473,0.0,"{""loc"": 4.25093, ""scale"": 3.0591868421363215}",,,gmm2,False
bat_game_rbi,feature,lognormal,0.4465297703452866,0.0,"{""s"": 5.634493768829544, ""loc"": 0, ""scale"": 0.7992705404863184}",,,gmm2,False
bat_game_rbi,feature,student_t,0.10976157241901935,0.0,"{""df"": 7.396520135871802, ""loc"": 3.9936634613371957, ""scale"": 2.6191077228608846}",,,gmm2,False
bat_game_rbi,feature,poisson,0.15101847914034294,0.0,"{""lambda"": 4.25093}",,,gmm2,False
bat_game_rbi,feature,negative_binomial,0.15033366456900688,0.0,"{""n"": 3.5378794005538508, ""p"": 0.45422595657588916}",,,gmm2,False
bat_game_rbi,feature,gmm2,0.09577999999999998,4.864776708036057e-73,"{""means"": [8.073658341392969, 3.164306349210977], ""covariances"": [9.571101751687703, 3.963609942854333], ""weights"": [0.22133749067455402, 0.778662509325446]}",507440.5610490209,493140.8858186562,gmm2,False
bat_game_bb,feature,normal,0.1456276466927352,0.0,"{""loc"": 3.3003, ""scale"": 2.1678237728191836}",,,gmm2,False
bat_game_bb,feature,lognormal,0.45889386135397664,0.0,"{""s"": 5.33441316052823, ""loc"": 0, ""scale"": 0.7453988032665899}",,,gmm2,False
bat_game_bb,feature,student_t,0.12510529730981962,0.0,"{""df"": 9.838546799583881, ""loc"": 3.1713462314040215, ""scale"": 1.925291540305124}",,,gmm2,False
bat_game_bb,feature,poisson,0.17809192485946135,0.0,"{""lambda"": 3.3003}",,,gmm2,False
bat_game_bb,feature,negative_binomial,0.19420038401214085,0.0,"{""n"": 7.784657073257625, ""p"": 0.7022721894014413}",,,gmm2,False
bat_game_bb,feature,gmm2,0.11247999999999997,1.2174557721971147e-100,"{""means"": [2.4672066078025283, 5.5817023489930016], ""covariances"": [2.1005696088995682, 4.711032263218445], ""weights"": [0.7325109868738787, 0.26748901312612133]}",438555.4914265745,428688.8063716962,gmm2,False
bat_game_ibb,feature,normal,0.4704840959467934,0.0,"{""loc"": 0.25704, ""scale"": 0.5692718492952202}",,,normal,False
bat_game_ibb,feature,lognormal,0.79629,0.0,"{""s"": 8.4144821120598, ""loc"": 0, ""scale"": 7.047720852462176e-08}",,,normal,False
bat_game_ibb,feature,student_t,0.7898147177597865,0.0,"{""df"": 0.7790006917433172, ""loc"": -2.61320573953408e-14, ""scale"": 1.7457554282813306e-14}",,,normal,False
bat_game_ibb,feature,poisson,0.7733372796555847,0.0,"{""lambda"": 0.25704}",,,normal,False
bat_game_ibb,feature,negative_binomial,0.7958000185268277,0.0,"{""n"": 0.9856650676478343, ""p"": 0.7931608981956436}",,,normal,False
bat_game_ibb,feature,gmm2,0.4037,0.0,"{""means"": [0.0, 1.2616043434663327], ""covariances"": [1e-06, 0.32324156271273863], ""weights"": [0.7962594205295563, 0.20374057947044366]}",171131.29405742415,-817822.73793106,normal,False
bat_game_so,feature,normal,0.10487694887249038,0.0,"{""loc"": 6.42201, ""scale"": 3.1141608115028356}",,,gmm2,False
bat_game_so,feature,lognormal,0.310163848877013,0.0,"{""s"": 1.8324007693065592, ""loc"": 0, ""scale"": 4.9526351791421535}",,,gmm2,False
bat_game_so,feature,student_t,0.11509841871461018,0.0,"{""df"": 13.386989439783747, ""loc"": 6.464981148957342, ""scale"": 2.8259143799463455}",,,gmm2,False
bat_game_so,feature,poisson,0.13314652222712553,0.0,"{""lambda"": 6.42201}",,,gmm2,False
bat_game_so,feature,negative_binomial,0.13774593315807554,0.0,"{""n"": 12.589245742239308, ""p"": 0.6621995891764506}",,,gmm2,False
bat_game_so,feature,gmm2,0.07926,4.015880171731451e-50,"{""means"": [5.15088762193092, 8.953845865911191], ""covariances"": [4.691537464131859, 10.041458066274618], ""weights"": [0.6657543163723622, 0.3342456836276378]}",511002.67519931996,505162.7755089039,gmm2,False
bat_game_sb,feature,normal,0.34765268438293023,0.0,"{""loc"": 0.60381, ""scale"": 0.928678353306461}",,,normal,False
bat_game_sb,feature,lognormal,0.60544,0.0,"{""s"": 10.283718358969185, ""loc"": 0, ""scale"": 4.018587189234262e-06}",,,normal,False
bat_game_sb,feature,student_t,0.5868358649267031,0.0,"{""df"": 0.48885973718957143, ""loc"": -3.886445957791823e-20, ""scale"": 1.135648271369357e-19}",,,normal,False
bat_game_sb,feature,poisson,0.5467246420088244,0.0,"{""lambda"": 0.60381}",,,normal,False
bat_game_sb,feature,negative_binomial,0.6049801364205626,0.0,"{""n"": 1.4096647912803366, ""p"": 0.7001154409208934}",,,normal,False
bat_game_sb,feature,gmm2,0.36873999999999996,0.0,"{""means"": [0.24081887050396233, 1.8569720361147826], ""covariances"": [0.1833926061945589, 1.1814480058838592], ""weights"": [0.7753980642307953, 0.22460193576920467]}",269012.1666782735,217650.76483809936,normal,False
bat_game_cs,feature,normal,0.45973960026000715,0.0,"{""loc"": 0.27552, ""scale"": 0.5324553780365073}",,,normal,False
bat_game_cs,feature,lognormal,0.76216,0.0,"{""s"": 8.868810695657716, ""loc"": 0, ""scale"": 1.417141654516312e-07}",,,normal,False
bat_game_cs,feature,student_t,0.7275603885072601,0.0,"{""df"": 1.40213214022351, ""loc"": -1.8685215192958338e-16, ""scale"": 2.392120197744988e-16}",,,normal,False
bat_game_cs,feature,poisson,0.7591772483972445,0.0,"{""lambda"": 0.27552}",,,normal,False
bat_game_cs,feature,gmm2,0.3862,0.0,"{""means"": [0.0, 1.1583723282978005], ""covariances"": [1e-06, 0.1692887412430444], ""weights"": [0.7621490143804617, 0.23785098561953832]}",157759.49608763223,-777872.1025867537,normal,False
bat_game_hbp,feature,normal,0.4534323996928141,0.0,"{""loc"": 0.29211, ""scale"": 0.5705977110889948}",,,normal,False
bat_game_hbp,feature,lognormal,0.75778,0.0,"{""s"": 8.936550620363715, ""loc"": 0, ""scale"": 1.5630110552104634e-07}",,,normal,False
bat_game_hbp,feature,student_t,0.4634159462406051,0.0,"{""df"": 0.1703564824651681, ""loc"": 8.168993293661288e-17, ""scale"": 3.9575972011128737e-16}",,,normal,False
bat_game_hbp,feature,poisson,0.7466863959521841,0.0,"{""lambda"": 0.29211}",,,normal,False
bat_game_hbp,feature,negative_binomial,0.7583942446541401,0.0,"{""n"": 2.5492619135076584, ""p"": 0.8971940284862633}",,,normal,False
bat_game_hbp,feature,gmm2,0.387,0.0,"{""means"": [1.2058480055436145, 0.0], ""covariances"": [0.2421932833189474, 1e-06], ""weights"": [0.24224446087517226, 0.7577555391248277]}",171596.56216801854,-762483.9009539043,normal,False
bat_game_sac,feature,normal,0.4360507866512451,0.0,"{""loc"": 0.33846, ""scale"": 0.6189869371804223}",,,normal,False
bat_game_sac,feature,lognormal,0.72831,0.0,"{""s"": 9.290259634455804, ""loc"": 0, ""scale"": 2.909961344778463e-07}",,,normal,False
bat_game_sac,feature,student_t,0.6158012453735453,0.0,"{""df"": 0.7785426543197822, ""loc"": -1.5023636271615502e-15, ""scale"": 3.6981960578013665e-15}",,,normal,False
bat_game_sac,feature,poisson,0.712867293510342,0.0,"{""lambda"": 0.33846}",,,normal,False
bat_game_sac,feature,negative_binomial,0.7276698108834913,0.0,"{""n"": 2.5636256354069356, ""p"": 0.8833735311354655}",,,normal,False
bat_game_sac,feature,gmm2,0.3732,0.0,"{""means"": [1.2456103834694638, 0.0], ""covariances"": [0.2801058578429498, 1e-06], ""weights"": [0.2717222050265765, 0.7282777949734235]}",187876.5105679432,-712792.7616210595,normal,False
bat_game_sf,feature,normal,0.4620930508527229,0.0,"{""loc"": 0.27088, ""scale"": 0.5326011881323586}",,,normal,False
bat_game_sf,feature,lognormal,0.76761,0.0,"{""s"": 8.799807255798969, ""loc"": 0, ""scale"": 1.2663773610956514e-07}",,,normal,False
bat_game_sf,feature,student_t,0.46970402397903077,0.0,"{""df"": 0.7318490173426511, ""loc"": 8.118564722905795e-16, ""scale"": 7.946819322045439e-15}",,,normal,False
bat_game_sf,feature,poisson,0.7627080158756925,0.0,"{""lambda"": 0.27088}",,,normal,False
bat_game_sf,feature,gmm2,0.47061000000000003,0.0,"{""means"": [2.0891727121827017, 0.20434662325464173], ""covariances"": [0.16293782772282014, 0.16267872536915046], ""weights"": [0.03529947783328471, 0.9647005221667153]}",157814.25753463592,131541.048407538,normal,False
bat_game_gidp,feature,normal,0.27235918264887876,0.0,"{""loc"": 0.76326, ""scale"": 0.86071724300144}",,,normal,False
bat_game_gidp,feature,lognormal,0.45996,0.0,"{""s"": 10.461732521749308, ""loc"": 0, ""scale"": 8.342179868483573e-05}",,,normal,False
bat_game_gidp,feature,student_t,0.26677973824936857,0.0,"{""df"": 10.46177978726568, ""loc"": 0.6969276635539512, ""scale"": 0.7709745202974952}",,,normal,False
bat_game_gidp,feature,poisson,0.4661443168454562,0.0,"{""lambda"": 0.76326}",,,normal,False
bat_game_gidp,feature,gmm2,0.235,0.0,"{""means"": [0.0, 1.4131077722622845], ""covariances"": [1e-06, 0.45328441609973086], ""weights"": [0.4598713452845329, 0.540128654715467]}",253812.88572551525,-302399.404709327,normal,False
bat_game_lob,feature,normal,0.0676233833894338,0.0,"{""loc"": 14.51476, ""scale"": 5.75382847697079}",,,gmm2,False
bat_game_lob,feature,lognormal,0.3295551573465827,0.0,"{""s"": 1.8352664396951894, ""loc"": 0, ""scale"": 11.735018548899752}",,,gmm2,False
bat_game_lob,feature,student_t,0.056492859719545596,7.64025541416521e-278,"{""df"": 9.587182414705563, ""loc"": 14.303609561673483, ""scale"": 5.079910086739127}",,,gmm2,False
bat_game_lob,feature,poisson,0.12591442306062717,0.0,"{""lambda"": 14.51476}",,,gmm2,False
bat_game_lob,feature,negative_binomial,0.08560647215416667,0.0,"{""n"": 11.331794673794715, ""p"": 0.4384257328224789}",,,gmm2,False
bat_game_lob,feature,gmm2,0.05035999999999996,1.7761463251565292e-20,"{""means"": [17.169567334859796, 12.126694213951724], ""covariances"": [38.69124957738629, 16.040246864077385], ""weights"": [0.47355262145051247, 0.5264473785494874]}",633783.8235578554,629839.7494326318,gmm2,False
bat_players_used,feature,normal,0.14730793768899514,0.0,"{""loc"": 12.73088, ""scale"": 3.5632252841491794}",,,gmm2,False
bat_players_used,feature,lognormal,0.12279151377405911,0.0,"{""s"": 0.24167455825766535, ""loc"": 0, ""scale"": 12.337957872902376}",,,gmm2,False
bat_players_used,feature,student_t,0.16639045834054134,0.0,"{""df"": 9.219184723827563, ""loc"": 12.915523175598835, ""scale"": 3.139531758033951}",,,gmm2,False
bat_players_used,feature,poisson,0.18410277929988084,0.0,"{""lambda"": 12.73088}",,,gmm2,False
bat_players_used,feature,gmm2,0.09957000000000002,6.528962545769889e-79,"{""means"": [15.117946176184724, 10.964757816337421], ""covariances"": [16.551421083460106, 2.5094469698831547], ""weights"": [0.4252449035869509, 0.574755096413049]}",537943.9551731724,512689.54480792955,gmm2,False
pit_game_innings_pitched,feature,normal,0.2796722614956706,0.0,"{""loc"": 8.544786999938488, ""scale"": 1.2884649877439454}",,,normal,False
pit_game_innings_pitched,feature,lognormal,0.3626363659815457,0.0,"{""s"": 0.5112105079014075, ""loc"": 0, ""scale"": 8.384526603783542}",,,normal,False
pit_game_innings_pitched,feature,student_t,0.198860776921864,0.0,"{""df"": 2.7533875236112006, ""loc"": 8.456601539334414, ""scale"": 0.6129492606071532}",,,normal,False
pit_game_innings_pitched,feature,gmm2,0.20161000000000007,0.0,"{""means"": [8.38670705914837, 11.26103287713203], ""covariances"": [0.4949714011596143, 13.87360368170939], ""weights"": [0.9450027760233105, 0.05499722397668949]}",334501.0480640742,258681.0673992129,normal,False
pit_game_hits,feature,normal,0.09524242851456899,0.0,"{""loc"": 8.83498, ""scale"": 3.5674063967538094}",,,gmm2,False
pit_game_hits,feature,lognormal,0.2108241059593056,0.0,"{""s"": 0.87652666753012, ""loc"": 0, ""scale"": 7.897831332341364}",,,gmm2,False
pit_game_hits,feature,student_t,0.08161765649826935,0.0,"{""df"": 10.126236311005712, ""loc"": 8.687673855125123, ""scale"": 3.172601130552854}",,,gmm2,False
pit_game_hits,feature,poisson,0.11167719073739357,0.0,"{""lambda"": 8.83498}",,,gmm2,False
pit_game_hits,feature,negative_binomial,0.12005677933001274,0.0,"{""n"": 20.05877142281533, ""p"": 0.6942252367747703}",,,gmm2,False
pit_game_hits,feature,gmm2,0.07352999999999998,3.439244534173767e-43,"{""means"": [7.348219566743759, 11.184451509902406], ""covariances"": [6.186587787249686, 14.047873892806829], ""weights"": [0.6124425073128047, 0.3875574926871952]}",538178.4989426961,533059.7244950492,gmm2,False
pit_game_runs,feature,normal,0.12965909146211668,0.0,"{""loc"": 4.48784, ""scale"": 3.16862937788565}",,,gmm2,False
pit_game_runs,feature,lognormal,0.43919345503562207,0.0,"{""s"": 5.352346425452532, ""loc"": 0, ""scale"": 0.9883498135366513}",,,gmm2,False
pit_game_runs,feature,student_t,0.10572341649282663,0.0,"{""df"": 7.794719546101357, ""loc"": 4.224394709004579, ""scale"": 2.72010581235588}",,,gmm2,False
pit_game_runs,feature,poisson,0.15192535515269334,0.0,"{""lambda"": 4.48784}",,,gmm2,False
pit_game_runs,feature,negative_binomial,0.14572507066706591,0.0,"{""n"": 3.627405976774726, ""p"": 0.44698657159081945}",,,gmm2,False
pit_game_runs,feature,gmm2,0.09074000000000004,1.3813681675460897e-65,"{""means"": [2.667228106104534, 6.570946323147825], ""covariances"": [2.6791796409968396, 10.3306947006021], ""weights"": [0.5336210779901127, 0.4663789220098872]}",514470.55678833235,500280.9369193474,gmm2,False
pit_game_earned_runs,feature,normal,0.1340152465685554,0.0,"{""loc"": 4.06709, ""scale"": 2.9951943062011854}",,,gmm2,False
pit_game_earned_runs,feature,lognormal,0.4520109853602786,0.0,"{""s"": 5.902459576864479, ""loc"": 0, ""scale"": 0.6498982007587453}",,,gmm2,False
pit_game_earned_runs,feature,student_t,0.1110786961134772,0.0,"{""df"": 7.214885192157281, ""loc"": 3.792716066429872, ""scale"": 2.534721252164383}",,,gmm2,False
pit_game_earned_runs,feature,poisson,0.14996896587869812,0.0,"{""lambda"": 4.06709}",,,gmm2,False
pit_game_earned_runs,feature,negative_binomial,0.1537856382506051,0.0,"{""n"": 3.3729378827379044, ""p"": 0.45335016694812097}",,,gmm2,False
pit_game_earned_runs,feature,gmm2,0.09425999999999995,9.497612092757668e-71,"{""means"": [2.5010781713682997, 6.343116381606673], ""covariances"": [2.5867702280706264, 9.50566319416789], ""weights"": [0.5924007667447636, 0.40759923325523634]}",503212.5537568314,487464.94091864256,gmm2,False
pit_game_bb,feature,normal,0.14657654690661992,0.0,"{""loc"": 3.29264, ""scale"": 2.1615276612618213}",,,gmm2,False
pit_game_bb,feature,lognormal,0.4586813284057747,0.0,"{""s"": 5.299981781456748, ""loc"": 0, ""scale"": 0.7575467489203234}",,,gmm2,False
pit_game_bb,feature,student_t,0.12581377200955624,0.0,"{""df"": 9.524560424324799, ""loc"": 3.159117545533761, ""scale"": 1.9114161005266475}",,,gmm2,False
pit_game_bb,feature,poisson,0.17694464782794056,0.0,"{""lambda"": 3.29264}",,,gmm2,False
pit_game_bb,feature,negative_binomial,0.19674916612905105,0.0,"{""n"": 7.858638830603589, ""p"": 0.7047298296439621}",,,gmm2,False
pit_game_bb,feature,gmm2,0.11521999999999999,1.3476507493124482e-105,"{""means"": [2.4673397320258887, 5.5795602742964165], ""covariances"": [2.0796383447232123, 4.738840329653934], ""weights"": [0.7348194780015884, 0.26518052199841163]}",437973.77695115015,427785.5798128413,gmm2,False
pit_game_so,feature,normal,0.10343523824217804,0.0,"{""loc"": 6.42044, ""scale"": 3.116637644385372}",,,gmm2,False
pit_game_so,feature,lognormal,0.30844888657577957,0.0,"{""s"": 1.8190276681815836, ""loc"": 0, ""scale"": 4.959495873167382}",,,gmm2,False
pit_game_so,feature,student_t,0.09758280505257594,0.0,"{""df"": 20.501421261033784, ""loc"": 6.376937975116803, ""scale"": 3.0996420671884373}",,,gmm2,False
pit_game_so,feature,poisson,0.13457460460882964,0.0,"{""lambda"": 6.42044}",,,gmm2,False
pit_game_so,feature,negative_binomial,0.13612006051352477,0.0,"{""n"": 12.518120981193332, ""p"": 0.6609858580926119}",,,gmm2,False
pit_game_so,feature,gmm2,0.08487999999999996,1.978150724528141e-57,"{""means"": [4.804505528846956, 8.220871815069602], ""covariances"": [3.97570736078355, 9.955318108171975], ""weights"": [0.5270019852174019, 0.472998014782598]}",511161.6810173083,505618.20910577354,gmm2,False
pit_game_hr,feature,normal,0.23541151539686178,0.0,"{""loc"": 0.95804, ""scale"": 1.0640109766351098}",,,normal,False
pit_game_hr,feature,lognormal,0.41258,0.0,"{""s"": 10.389715440388867, ""loc"": 0, ""scale"": 0.00024036626353468864}",,,normal,False
pit_game_hr,feature,student_t,0.22241458362974925,0.0,"{""df"": 6.458591712151522, ""loc"": 0.8283232775830637, ""scale"": 0.8798169548488152}",,,normal,False
pit_game_hr,feature,poisson,0.3836440919730151,0.0,"{""lambda"": 0.95804}",,,normal,False
pit_game_hr,feature,negative_binomial,0.4146632353030852,0.0,"{""n"": 5.272541500819319, ""p"": 0.8462358609908212}",,,normal,False
pit_game_hr,feature,gmm2,0.26438,0.0,"{""means"": [0.4206100753860096, 2.0483135056988924], ""covariances"": [0.2623181030280206, 1.1220291416601558], ""weights"": [0.6698231910035078, 0.3301768089964921]}",296219.8739424275,270246.25856826437,normal,False
pit_game_hbp,feature,normal,0.454537129779765,0.0,"{""loc"": 0.2898, ""scale"": 0.5649034961831976}",,,normal,False
pit_game_hbp,feature,lognormal,0.75851,0.0,"{""s"": 8.926039662484465, ""loc"": 0, ""scale"": 1.5382723859000435e-07}",,,normal,False
pit_game_hbp,feature,student_t,0.4851025401336045,0.0,"{""df"": 0.7288420811994226, ""loc"": 6.43216924680054e-16, ""scale"": 6.487529224714038e-16}",,,normal,False
pit_game_hbp,feature,poisson,0.7484132352583501,0.0,"{""lambda"": 0.2898}",,,normal,False
pit_game_hbp,feature,negative_binomial,0.7587665332580454,0.0,"{""n"": 2.864789009126777, ""p"": 0.9081338332310301}",,,normal,False
pit_game_hbp,feature,gmm2,0.3849,0.0,"{""means"": [0.0, 1.1999412976126362], ""covariances"": [1e-06, 0.22921136836879344], ""weights"": [0.7584881855666767, 0.2415118144333232]}",169590.6593643943,-764957.8915844377,normal,False
pit_game_pitches_thrown,feature,normal,0.14022668853140496,0.0,"{""loc"": 108.87073, ""scale"": 49.453011629900764}",,,gmm2,False
pit_game_pitches_thrown,feature,lognormal,0.3334080021412135,0.0,"{""s"": 1.9565262704840038, ""loc"": 0, ""scale"": 84.9665375100394}",,,gmm2,False
pit_game_pitches_thrown,feature,student_t,0.1398881587821366,0.0,"{""df"": 80.29503230504113, ""loc"": 108.534950717644, ""scale"": 48.83897603826502}",,,gmm2,False
pit_game_pitches_thrown,feature,poisson,0.4086319815176732,0.0,"{""lambda"": 108.87073}",,,gmm2,False
pit_game_pitches_thrown,feature,negative_binomial,0.14699992636924486,0.0,"{""n"": 5.072403628677599, ""p"": 0.044516974978130314}",,,gmm2,False
pit_game_pitches_thrown,feature,gmm2,0.056440000000000046,1.2997579047753698e-25,"{""means"": [138.72628773024547, 56.74045264204509], ""covariances"": [1343.9731539256443, 95.18841081456378], ""weights"": [0.6358449273813019, 0.36415507261869806]}",1064015.3242398717,1018668.0462256278,gmm2,False
pit_game_strikes_thrown,feature,normal,0.12419098361063302,0.0,"{""loc"": 71.90575, ""scale"": 27.23687953744885}",,,gmm2,False
pit_game_strikes_thrown,feature,lognormal,0.37020829672576455,0.0,"{""s"": 1.9056723013375236, ""loc"": 0, ""scale"": 58.544924654274176}",,,gmm2,False
pit_game_strikes_thrown,feature,student_t,0.1229629329540744,0.0,"{""df"": 35.56964540024697, ""loc"": 72.05608776117992, ""scale"": 27.298061793872236}",,,gmm2,False
pit_game_strikes_thrown,feature,poisson,0.36285044601314814,0.0,"{""lambda"": 71.90575}",,,gmm2,False
pit_game_strikes_thrown,feature,negative_binomial,0.12615119257970342,0.0,"{""n"": 7.717739725501073, ""p"": 0.09692792606940094}",,,gmm2,False
pit_game_strikes_thrown,feature,gmm2,0.06309999999999993,6.538452362412584e-32,"{""means"": [43.78921636800257, 85.77535227083843], ""covariances"": [30.843142653197216, 510.247928893883], ""weights"": [0.3303376691521176, 0.6696623308478824]}",944725.116550651,910902.7808011302,gmm2,False
pit_game_balls_thrown,feature,normal,0.11451963815116617,0.0,"{""loc"": 36.96498, ""scale"": 23.62722187646275}",,,gmm2,False
pit_game_balls_thrown,feature,lognormal,0.3444295446153016,0.0,"{""s"": 3.99548230701593, ""loc"": 0, ""scale"": 14.94881863003687}",,,gmm2,False
pit_game_balls_thrown,feature,student_t,0.1145184117802438,0.0,"{""df"": 19550788.878467813, ""loc"": 36.96497956120076, ""scale"": 23.627351707110577}",,,gmm2,False
pit_game_balls_thrown,feature,poisson,0.36889226980644096,0.0,"{""lambda"": 36.96498}",,,gmm2,False
pit_game_balls_thrown,feature,negative_binomial,0.15223264520223034,0.0,"{""n"": 2.621255535554675, ""p"": 0.06621633757522548}",,,gmm2,False
pit_game_balls_thrown,feature,gmm2,0.04142,5.4588209754235495e-14,"{""means"": [51.45978859479879, 11.132114507106108], ""covariances"": [262.4506103332348, 43.636531719886996], ""weights"": [0.6405741485788308, 0.3594258514211693]}",916290.635819577,886505.2336475614,gmm2,False
pit_game_strikes_looking,feature,bernoulli,,,{},,,bernoulli,True
pit_game_strikes_swinging,feature,bernoulli,,,{},,,bernoulli,True
pit_players_used,feature,normal,0.2226519210241088,0.0,"{""loc"": 3.60612, ""scale"": 3.0645454060268063}",,,gmm2,False
pit_players_used,feature,lognormal,0.18521586582976407,0.0,"{""s"": 0.5664179236279351, ""loc"": 0, ""scale"": 3.0492367024340057}",,,gmm2,False
pit_players_used,feature,student_t,0.1351311841705819,0.0,"{""df"": 4.195756755690692, ""loc"": 3.325186411830239, ""scale"": 1.3631338568244098}",,,gmm2,False
pit_players_used,feature,poisson,0.21059646336933052,0.0,"{""lambda"": 3.60612}",,,gmm2,False
pit_players_used,feature,negative_binomial,0.32033995609424676,0.0,"{""n"": 2.247776220427865, ""p"": 0.38397951309488254}",,,gmm2,False
pit_players_used,feature,gmm2,0.14708,4.109315868241298e-172,"{""means"": [3.415620265136914, 38.303669144011714], ""covariances"": [2.5577391449430884, 43.549236956250326], ""weights"": [0.9945396850501746, 0.005460314949825391]}",507790.5806149348,386072.73734055785,gmm2,False
pitch_is_pitch_sum,feature,normal,0.14248458264307468,0.0,"{""loc"": 109.52018383683978, ""scale"": 48.90036267102292}",,,gmm2,False
pitch_is_pitch_sum,feature,lognormal,0.16457019882882012,0.0,"{""s"": 0.4862416235306296, ""loc"": 0, ""scale"": 98.06270555462878}",,,gmm2,False
pitch_is_pitch_sum,feature,student_t,0.14403460225423553,0.0,"{""df"": 89.49340242497055, ""loc"": 109.90898888277695, ""scale"": 48.854053042354224}",,,gmm2,False
pitch_is_pitch_sum,feature,poisson,0.4053345226229743,0.0,"{""lambda"": 109.52018383683978}",,,gmm2,False
pitch_is_pitch_sum,feature,negative_binomial,0.1459149022396089,0.0,"{""n"": 5.256842593527983, ""p"": 0.04580047729949837}",,,gmm2,False
pitch_is_pitch_sum,feature,gmm2,0.04665400056317637,1.2645121603941738e-17,"{""means"": [142.30086487217454, 57.306108377415384], ""covariances"": [1041.3159004896804, 103.53211678854126], ""weights"": [0.6143211371238101, 0.38567886287618997]}",1055779.443853104,1004343.5879965859,gmm2,False
pitch_is_strike_sum,feature,normal,0.1353687328883611,0.0,"{""loc"": 43.858180135966855, ""scale"": 26.539642222138344}",,,gmm2,False
pitch_is_strike_sum,feature,lognormal,0.2509553427488068,0.0,"{""s"": 1.7660911727574269, ""loc"": 0, ""scale"": 30.537742615787554}",,,gmm2,False
pitch_is_strike_sum,feature,student_t,0.13537145907051604,0.0,"{""df"": 45844889.885469094, ""loc"": 43.85845692814622, ""scale"": 26.53969123735681}",,,gmm2,False
pitch_is_strike_sum,feature,poisson,0.3903861383227324,0.0,"{""lambda"": 43.858180135966855}",,,gmm2,False
pitch_is_strike_sum,feature,negative_binomial,0.1692888377187718,0.0,"{""n"": 2.9122728065009174, ""p"": 0.06226736375812519}",,,gmm2,False
pitch_is_strike_sum,feature,gmm2,0.040705140995213024,1.615916299663347e-13,"{""means"": [61.90632330469503, 15.108931471597671], ""covariances"": [271.9437168429785, 47.75554089285473], ""weights"": [0.6143344220314874, 0.38566557796851264]}",934239.7627262205,892917.4770462058,gmm2,False
pitch_is_ball_sum,feature,normal,0.11434066676379917,0.0,"{""loc"": 37.26068023653405, ""scale"": 23.60129058013648}",,,gmm2,False
pitch_is_ball_sum,feature,lognormal,0.3281658919407787,0.0,"{""s"": 3.591930081755475, ""loc"": 0, ""scale"": 17.136770770273046}",,,gmm2,False
pitch_is_ball_sum,feature,student_t,0.11434252735850409,0.0,"{""df"": 74004673.34329006, ""loc"": 37.26075021622404, ""scale"": 23.60118949183639}",,,gmm2,False
pitch_is_ball_sum,feature,poisson,0.36747724188774017,0.0,"{""lambda"": 37.26068023653405}",,,gmm2,False
pitch_is_ball_sum,feature,negative_binomial,0.15039070323614856,0.0,"{""n"": 2.671151414364039, ""p"": 0.06689278462647137}",,,gmm2,False
pitch_is_ball_sum,feature,gmm2,0.04102331147672876,1.0068362991526765e-13,"{""means"": [51.37486112278084, 11.270776777783809], ""covariances"": [270.904907041625, 41.57468957091225], ""weights"": [0.6480612606731195, 0.3519387393268804]}",910904.4897667122,881436.0298304579,gmm2,False
pitch_is_in_play_sum,feature,normal,0.08856037515353421,0.0,"{""loc"": 28.479785993000522, ""scale"": 5.713092865001744}",,,gmm2,False
pitch_is_in_play_sum,feature,lognormal,0.06516761095196993,0.0,"{""s"": 0.19018835952951588, ""loc"": 0, ""scale"": 27.961563828265128}",,,gmm2,False
pitch_is_in_play_sum,feature,student_t,0.04960499039827326,4.4301708943556606e-213,"{""df"": 5.046251509437273, ""loc"": 28.13824627978122, ""scale"": 4.2570216022483525}",,,gmm2,False
pitch_is_in_play_sum,feature,poisson,0.07964785299352017,0.0,"{""lambda"": 28.479785993000522}",,,gmm2,False
pitch_is_in_play_sum,feature,negative_binomial,0.09435932076645612,0.0,"{""n"": 194.99221386176887, ""p"": 0.8725576984521146}",,,gmm2,False
pitch_is_in_play_sum,feature,gmm2,0.044785095941107855,2.8337331549085475e-16,"{""means"": [27.85719683937724, 32.91998896145879], ""covariances"": [18.629502794625285, 110.07610006906867], ""weights"": [0.8770265224004329, 0.12297347759956703]}",628796.431559983,610921.264491954,gmm2,False
pitch_is_scoring_play_sum,feature,normal,0.1503108921880601,0.0,"{""loc"": 9.56106440323424, ""scale"": 8.864000213686893}",,,gmm2,False
pitch_is_scoring_play_sum,feature,lognormal,0.4007988167012682,0.0,"{""s"": 5.613418713568351, ""loc"": 0, ""scale"": 1.646008185373114}",,,gmm2,False
pitch_is_scoring_play_sum,feature,student_t,0.14733690439334154,0.0,"{""df"": 3.305915158768162, ""loc"": 7.4860045341187655, ""scale"": 6.021627864085388}",,,gmm2,False
pitch_is_scoring_play_sum,feature,poisson,0.33265564909723067,0.0,"{""lambda"": 9.56106440323424}",,,gmm2,False
pitch_is_scoring_play_sum,feature,negative_binomial,0.07962925136462734,0.0,"{""n"": 1.3246587515575223, ""p"": 0.12168771267845661}",,,gmm2,False
pitch_is_scoring_play_sum,feature,gmm2,0.06901366507100043,4.501541750033958e-38,"{""means"": [4.879379426950725, 17.963275554442554], ""covariances"": [12.004610599455866, 88.10251976803698], ""weights"": [0.6421795976778184, 0.35782040232218165]}",716148.4954190821,674196.5971816656,gmm2,False
pitch_release_speed_mean,feature,normal,0.03776282441570672,4.0399342502210344e-36,"{""loc"": 88.19913563344214, ""scale"": 2.2081572179411193}",,,gmm2,False
pitch_release_speed_mean,feature,lognormal,0.043588322389428724,5.507428927610253e-48,"{""s"": 0.025360654219890363, ""loc"": 0, ""scale"": 88.17103067279433}",,,gmm2,False
pitch_release_speed_mean,feature,student_t,0.03757935811533092,8.962399311779978e-36,"{""df"": 5497.5047901133585, ""loc"": 88.19973806851817, ""scale"": 2.2067425608066653}",,,gmm2,False
pitch_release_speed_mean,feature,gmm2,0.01250416666666665,0.1944935246191135,"{""means"": [87.34410990319392, 88.75570139290339], ""covariances"": [7.317503153916251, 2.501030643443553], ""weights"": [0.3942824560210787, 0.6057175439789212]}",127379.71556220327,125720.91775822663,gmm2,False
pitch_end_speed_mean,feature,normal,0.042133402842427226,7.30751657733422e-45,"{""loc"": 81.15536416504118, ""scale"": 2.048099168076124}",,,gmm2,False
pitch_end_speed_mean,feature,lognormal,0.04820169993582585,1.3698648973073821e-58,"{""s"": 0.025603411987639893, ""loc"": 0, ""scale"": 81.12903481719972}",,,gmm2,False
pitch_end_speed_mean,feature,student_t,0.04125324956260512,5.0278789760108406e-43,"{""df"": 9.01989595204209, ""loc"": 81.39730868587921, ""scale"": 1.84124628051204}",,,gmm2,False
pitch_end_speed_mean,feature,gmm2,0.009312500000000008,0.5372244656523375,"{""means"": [80.31256004674479, 81.63187017288911], ""covariances"": [6.715623915423678, 2.1407741374530627], ""weights"": [0.36117816304498573, 0.6388218369550143]}",123045.5343419488,121079.27969074217,gmm2,False
pitch_spin_rate_mean,feature,normal,0.1027626914082519,5.165904329897622e-265,"{""loc"": 1994.9614538309079, ""scale"": 315.1071863430517}",,,gmm2,False
pitch_spin_rate_mean,feature,lognormal,0.12113732613499639,0.0,"{""s"": 0.1680069766603827, ""loc"": 0, ""scale"": 1968.1968373761042}",,,gmm2,False
pitch_spin_rate_mean,feature,student_t,0.1027735467112264,4.540616807052899e-265,"{""df"": 5837792.102603005, ""loc"": 1994.9440404393972, ""scale"": 315.12856891537353}",,,gmm2,False
pitch_spin_rate_mean,feature,gmm2,0.014791659426585613,0.07698377834479142,"{""means"": [1697.9439763516796, 2227.4285665814573], ""covariances"": [42444.23750041127, 20698.32990860434], ""weights"": [0.4390441516903379, 0.560955848309662]}",412760.58191854984,407397.8598729381,gmm2,False
pitch_coord_px_mean,feature,normal,0.017491228397139014,4.387601967948716e-08,"{""loc"": -0.00789801786667613, ""scale"": 0.17631495502571798}",,,gmm2,False
pitch_coord_px_mean,feature,student_t,0.012658229683195521,0.00019454592053340833,"{""df"": 26.959875906527287, ""loc"": -0.006960296725695023, ""scale"": 0.16966755042735965}",,,gmm2,False
pitch_coord_px_mean,feature,gmm2,0.01913055555555554,0.008624064446464127,"{""means"": [0.08217909330999267, -0.11565816060636633], ""covariances"": [0.019292856225855096, 0.02387959646399731], ""weights"": [0.5446908537521893, 0.45530914624781077]}",-18212.446094542425,-18146.217064384702,gmm2,False
pitch_coord_pz_mean,feature,normal,0.007523884107510703,0.07633612546970159,"{""loc"": 2.307296241927478, ""scale"": 0.17829395994888975}",,,student_t,False
pitch_coord_pz_mean,feature,lognormal,0.012601863505657618,0.0002111825095790441,"{""s"": 0.0775984415718846, ""loc"": 0, ""scale"": 2.3003864281878665}",,,student_t,False
pitch_coord_pz_mean,feature,student_t,0.006620210756327238,0.15941812482705486,"{""df"": 131.1896415235077, ""loc"": 2.3071813202661926, ""scale"": 0.17692956766903079}",,,student_t,False
pitch_coord_pz_mean,feature,gmm2,0.016727777777777786,0.03104463214663855,"{""means"": [2.4155076692682935, 2.2007281354073855], ""covariances"": [0.021412262921869794, 0.019120966717345915], ""weights"": [0.4961744008118854, 0.5038255991881146]}",-17569.530126569316,-17412.89474285444,student_t,False
pitch_pfx_x_mean,feature,normal,0.05625829516483183,1.137737387650856e-79,"{""loc"": -1.0884155434320935, ""scale"": 2.860831826240459}",,,gmm2,False
pitch_pfx_x_mean,feature,student_t,0.05041131079941602,4.779888892940903e-64,"{""df"": 26.88759897737353, ""loc"": -1.1324748186423488, ""scale"": 2.7432554330296233}",,,gmm2,False
pitch_pfx_x_mean,feature,gmm2,0.013137500000000024,0.15283312379924252,"{""means"": [1.5099425821250105, -2.4961064370620667], ""covariances"": [6.28820825768788, 3.572343247911667], ""weights"": [0.3513913301828816, 0.6486086698171184]}",142295.47179257552,140970.74324266505,gmm2,False
pitch_pfx_z_mean,feature,normal,0.05064738137916744,1.2074918295270262e-64,"{""loc"": 4.799013911997002, ""scale"": 1.8811411811038579}",,,gmm2,False
pitch_pfx_z_mean,feature,student_t,0.007802457746692304,0.05968382315875287,"{""df"": 5.008798724159755, ""loc"": 4.828959544712468, ""scale"": 1.4031393195848694}",,,gmm2,False
pitch_pfx_z_mean,feature,gmm2,0.013955555555555561,0.10994974866265927,"{""means"": [4.843597647873484, 4.695493012580886], ""covariances"": [1.6037207941287865, 8.016256979121405], ""weights"": [0.69897136717974, 0.30102863282026]}",118147.60335916848,114528.857695402,gmm2,False
pitch_hit_launch_speed_mean,feature,normal,0.021835294127580396,1.283923189461831e-07,"{""loc"": 88.39187004630638, ""scale"": 3.3240657358954127}",,,gmm2,False
pitch_hit_launch_speed_mean,feature,lognormal,0.02935598945715956,2.0068083144952156e-13,"{""s"": 0.0378809849176363, ""loc"": 0, ""scale"": 88.32879676877333}",,,gmm2,False
pitch_hit_launch_speed_mean,feature,student_t,0.021827083800206426,1.300005365454681e-07,"{""df"": 12089.26658024709, ""loc"": 88.3919422816329, ""scale"": 3.323761599787491}",,,gmm2,False
pitch_hit_launch_speed_mean,feature,gmm2,0.01036649184485039,0.49969638899273383,"{""means"": [86.12865735215574, 90.14351257432239], ""covariances"": [8.472759812741305, 6.011057475099672], ""weights"": [0.436290334541912, 0.563709665458088]}",90943.17642441556,90834.15085439393,gmm2,False
pitch_hit_launch_angle_mean,feature,normal,0.007935800213486166,0.2233599803459636,"{""loc"": 12.071980929834243, ""scale"": 6.569092155581224}",,,student_t,False
pitch_hit_launch_angle_mean,feature,student_t,0.00477041179690918,0.8227873781946209,"{""df"": 30.215425875310952, ""loc"": 12.074078798935158, ""scale"": 6.347982468495523}",,,student_t,False
pitch_hit_launch_angle_mean,feature,gmm2,0.019747801279465182,0.014005767672725608,"{""means"": [15.684032877026217, 8.27130970295902], ""covariances"": [29.236110233778543, 29.623242156259934], ""weights"": [0.5127226712271618, 0.4872773287728383]}",114581.72734211052,114724.77263371194,student_t,False
pitch_hit_total_distance_mean,feature,normal,0.006134668054942005,0.5290239197231585,"{""loc"": 168.0236027554733, ""scale"": 30.964193572509693}",,,student_t,False
pitch_hit_total_distance_mean,feature,lognormal,0.04241582323682902,1.459403067664019e-27,"{""s"": 0.19377729061371218, ""loc"": 0, ""scale"": 165.02444469275636}",,,student_t,False
pitch_hit_total_distance_mean,feature,student_t,0.0061345232250723525,0.5290546371502549,"{""df"": 19473.0386662569, ""loc"": 168.02365402678114, ""scale"": 30.962569649895364}",,,student_t,False
pitch_hit_total_distance_mean,feature,gmm2,0.01762682842487473,0.038351095566322546,"{""means"": [186.73744642520842, 148.34778374141754], ""covariances"": [587.124628110622, 594.194702110964], ""weights"": [0.5125290934729584, 0.48747090652704167]}",168385.64618583905,168486.63241108364,student_t,False
runner_is_out_sum,feature,normal,0.4049566024722828,0.0,"{""loc"": 26.960356410153263, ""scale"": 3.7200602622010166}",,,normal,False
runner_is_out_sum,feature,lognormal,0.37894490840929496,0.0,"{""s"": 0.11030782517293132, ""loc"": 0, ""scale"": 26.77479812625815}",,,normal,False
runner_is_out_sum,feature,student_t,0.39934433608576203,0.0,"{""df"": 6.040783856501907, ""loc"": 26.905032558573424, ""scale"": 3.6855273840033345}",,,normal,False
runner_is_out_sum,feature,poisson,0.35523074423801915,0.0,"{""lambda"": 26.960356410153263}",,,normal,False
runner_is_out_sum,feature,gmm2,0.39373697654772916,0.0,"{""means"": [26.354457319974628, 34.729300794951016], ""covariances"": [2.067106785655087, 99.71450366427108], ""weights"": [0.9276524878303254, 0.07234751216967462]}",543476.2334777975,418835.1233424057,normal,False
runner_is_scoring_event_sum,feature,normal,0.12899227121567464,0.0,"{""loc"": 4.506074258819743, ""scale"": 3.1728997530826404}",,,gmm2,False
runner_is_scoring_event_sum,feature,lognormal,0.438638490100752,0.0,"{""s"": 5.339116799389074, ""loc"": 0, ""scale"": 1.0004769825294277}",,,gmm2,False
runner_is_scoring_event_sum,feature,student_t,0.10485554554232779,0.0,"{""df"": 7.660389456258084, ""loc"": 4.23856268944429, ""scale"": 2.718602281719824}",,,gmm2,False
runner_is_scoring_event_sum,feature,poisson,0.15028644077746012,0.0,"{""lambda"": 4.506074258819743}",,,gmm2,False
runner_is_scoring_event_sum,feature,negative_binomial,0.14537495839677278,0.0,"{""n"": 3.651125183848964, ""p"": 0.4475954289839532}",,,gmm2,False
runner_is_scoring_event_sum,feature,gmm2,0.08628368800032188,2.66006482344029e-59,"{""means"": [6.58243927068512, 2.68351840714061], ""covariances"": [10.373382911052337, 2.6926192276109986], ""weights"": [0.4674513578157103, 0.5325486421842898]}",511836.9015921934,497770.61921902705,gmm2,False
runner_rbi_sum,feature,normal,0.13247686918756474,0.0,"{""loc"": 4.252484009815358, ""scale"": 3.0585670861492047}",,,gmm2,False
runner_rbi_sum,feature,lognormal,0.4463964018826404,0.0,"{""s"": 5.6241085131440105, ""loc"": 0, ""scale"": 0.8042839243593309}",,,gmm2,False
runner_rbi_sum,feature,student_t,0.10888737617095268,0.0,"{""df"": 7.418168227174506, ""loc"": 3.9835388533918428, ""scale"": 2.6044449630317326}",,,gmm2,False
runner_rbi_sum,feature,poisson,0.15099023033696768,0.0,"{""lambda"": 4.252484009815358}",,,gmm2,False
runner_rbi_sum,feature,negative_binomial,0.15021057470678373,0.0,"{""n"": 3.544175757798052, ""p"": 0.45457617280161744}",,,gmm2,False
runner_rbi_sum,feature,gmm2,0.08837598455287826,3.392072659081609e-62,"{""means"": [6.435506037122082, 2.585820054332782], ""covariances"": [9.765144149663902, 2.625442452844739], ""weights"": [0.43293504013931033, 0.5670649598606896]}",504538.42158240965,489707.5014667147,gmm2,False
runner_earned_sum,feature,normal,0.13401742595902183,0.0,"{""loc"": 4.0846775815599985, ""scale"": 2.9956976920119813}",,,gmm2,False
runner_earned_sum,feature,lognormal,0.4514496271571119,0.0,"{""s"": 5.873231420699697, ""loc"": 0, ""scale"": 0.6651931397697655}",,,gmm2,False
runner_earned_sum,feature,student_t,0.11102142368626677,0.0,"{""df"": 7.190911589628902, ""loc"": 3.8097795075366605, ""scale"": 2.5366851761000424}",,,gmm2,False
runner_earned_sum,feature,poisson,0.14953597387722717,0.0,"{""lambda"": 4.0846775815599985}",,,gmm2,False
runner_earned_sum,feature,negative_binomial,0.15287715420763182,0.0,"{""n"": 3.4123117984756566, ""p"": 0.45515761401004257}",,,gmm2,False
runner_earned_sum,feature,gmm2,0.08776450782412804,2.418718344476957e-61,"{""means"": [6.3581947004157895, 2.509239785088329], ""covariances"": [9.450630549651343, 2.5802771244090565], ""weights"": [0.4093157314465899, 0.59068426855341]}",500407.9740209285,484827.8045717722,gmm2,False
runner_team_unearned_sum,feature,normal,0.4207047120654392,0.0,"{""loc"": 0.4280341123939016, ""scale"": 0.9144926654892457}",,,normal,False
runner_team_unearned_sum,feature,lognormal,0.7405768534534776,0.0,"{""s"": 9.241055993461549, ""loc"": 0, ""scale"": 2.368260615366616e-07}",,,normal,False
runner_team_unearned_sum,feature,student_t,0.49677684052943233,0.0,"{""df"": 0.1510552117510689, ""loc"": 8.944851357178486e-16, ""scale"": 4.8960524660963626e-14}",,,normal,False
runner_team_unearned_sum,feature,poisson,0.6517891803302384,0.0,"{""lambda"": 0.4280341123939016}",,,normal,False
runner_team_unearned_sum,feature,negative_binomial,0.7403940005473579,0.0,"{""n"": 0.44876299285536586, ""p"": 0.5118207965887223}",,,normal,False
runner_team_unearned_sum,feature,gmm2,0.3902,0.0,"{""means"": [0.0, 1.6494589008222136], ""covariances"": [1e-06, 1.2080384027740605], ""weights"": [0.7405002863783188, 0.25949971362168117]}",264433.8194474436,-690074.0976143538,normal,False
hit_spray_count,feature,normal,0.08851155454268378,0.0,"{""loc"": 28.478086407337383, ""scale"": 5.712679956034252}",,,gmm2,False
hit_spray_count,feature,lognormal,0.06518291014291377,0.0,"{""s"": 0.19018821368423275, ""loc"": 0, ""scale"": 27.959900722290676}",,,gmm2,False
hit_spray_count,feature,student_t,0.04957459667946884,8.073609391139978e-213,"{""df"": 5.048444588767508, ""loc"": 28.136846714847735, ""scale"": 4.2571726801193766}",,,gmm2,False
hit_spray_count,feature,poisson,0.07966588916144357,0.0,"{""lambda"": 28.478086407337383}",,,gmm2,False
hit_spray_count,feature,negative_binomial,0.09431330366743768,0.0,"{""n"": 195.11051277019016, ""p"": 0.8726317597941297}",,,gmm2,False
hit_spray_count,feature,gmm2,0.04342439357979,2.5165336851970026e-15,"{""means"": [33.032770753485565, 27.862497282946773], ""covariances"": [111.89884229190793, 18.738992551191284], ""weights"": [0.11906316520725968, 0.8809368347927403]}",628782.0577345089,610831.2035768975,gmm2,False
hit_x_mean,feature,normal,0.008578361395869427,0.009811222889418157,"{""loc"": 125.76005706300892, ""scale"": 8.37215080593463}",,,gmm2,False
hit_x_mean,feature,lognormal,0.018322021648237263,5.912902506370822e-11,"{""s"": 0.06704631269223763, ""loc"": 0, ""scale"": 125.47950028575244}",,,gmm2,False
hit_x_mean,feature,student_t,0.012321210303929658,3.454748368723062e-05,"{""df"": 26.525616881357564, ""loc"": 125.64486732446198, ""scale"": 8.310678785156377}",,,gmm2,False
hit_x_mean,feature,gmm2,0.013670545857578292,0.1061655573968413,"{""means"": [121.38663854057104, 130.27803726449642], ""covariances"": [50.112965890223265, 50.56212037226902], ""weights"": [0.5081292990865742, 0.4918707009134258]}",255816.03367986574,256184.7183981911,gmm2,False
hit_y_mean,feature,normal,0.011906883746049757,7.13231794400939e-05,"{""loc"": 124.29796308198772, ""scale"": 9.920605024293176}",,,gmm2,False
hit_y_mean,feature,lognormal,0.01569223932740449,3.775145733677479e-08,"{""s"": 0.08067919200314269, ""loc"": 0, ""scale"": 123.89811450386131}",,,gmm2,False
hit_y_mean,feature,student_t,0.007974459093850306,0.020195888742107298,"{""df"": 15.348518593784313, ""loc"": 124.25383194883531, ""scale"": 9.220043157880795}",,,gmm2,False
hit_y_mean,feature,gmm2,0.013313216957605983,0.12348936267515587,"{""means"": [119.29194382828997, 129.70861318108075], ""covariances"": [67.5799930702362, 75.38849774273443], ""weights"": [0.5194222755706202, 0.4805777244293798]}",268065.2028774843,268397.0116783475,gmm2,False
weather_temp,feature,normal,0.0705207604460023,8.585755672872468e-286,"{""loc"": 73.02112601348792, ""scale"": 10.632755552862237}",,,gmm2,False
weather_temp,feature,lognormal,0.11485606009689003,0.0,"{""s"": 0.18388358796264576, ""loc"": 0, ""scale"": 72.15837438368851}",,,gmm2,False
weather_temp,feature,student_t,0.07050098149604911,1.2416572216630242e-285,"{""df"": 10397.459770647201, ""loc"": 73.02155619837953, ""scale"": 10.631462978778055}",,,gmm2,False
weather_temp,feature,poisson,0.09222419175962254,0.0,"{""lambda"": 73.02112601348792}",,,gmm2,False
weather_temp,feature,negative_binomial,0.10232606604924971,0.0,"{""n"": 133.18769744692221, ""p"": 0.645887480525259}",,,gmm2,False
weather_temp,feature,gmm2,0.0475481776161249,1.6829457292928255e-17,"{""means"": [68.17212062538253, 78.0402023536006], ""covariances"": [115.88199541155939, 60.6011973502245], ""weights"": [0.5086172245372139, 0.49138277546278597]}",499248.5929570747,497907.24177575967,gmm2,False
probable_pitcher_home_id,feature,normal,0.3583018221330855,0.0,"{""loc"": 188956.11781447363, ""scale"": 250523.6507503796}",,,normal,False
probable_pitcher_home_id,feature,student_t,0.5,0.0,"{""df"": 0.12169764903946799, ""loc"": -1.0, ""scale"": 1.0348446159413765e-17}",,,normal,False
probable_pitcher_home_id,feature,gmm2,0.2965,0.0,"{""means"": [-0.999999999999704, 453842.9604671562], ""covariances"": [1e-06, 30526960679.008472], ""weights"": [0.5836517960491255, 0.41634820395087435]}",2754449.3642479745,556936.5513028433,normal,False
probable_pitcher_away_id,feature,normal,0.35828710679161646,0.0,"{""loc"": 188995.3931574078, ""scale"": 250937.41922702978}",,,normal,False
probable_pitcher_away_id,feature,student_t,0.5,0.0,"{""df"": 0.06009065985711204, ""loc"": -1.0, ""scale"": 4.969323074501605e-16}",,,normal,False
probable_pitcher_away_id,feature,gmm2,0.2968,0.0,"{""means"": [-1.0000000000007025, 454277.4535817394], ""covariances"": [1e-06, 30844018386.65956], ""weights"": [0.5839635543633028, 0.4160364456366971]}",2754777.553166674,556135.3388621534,normal,False
rule_3batter_minimum,feature,bernoulli,,,{},,,bernoulli,True
rule_universal_dh,feature,bernoulli,,,{},,,bernoulli,True
rule_shift_ban_pitch_clock,feature,bernoulli,,,{},,,bernoulli,True
is_home,feature,bernoulli,,,{},,,bernoulli,True
