col_name,n,n_nan,pct_nan,pct_zero,mean,std,median,p5,p25,p75,p95,skewness,excess_kurtosis,bimodality_coeff,n_unique,is_binary,is_integer_valued,is_non_negative,suggested_family,label
home_win,164438,0,0.0,46.43,0.535703,0.498724,1.0,0.0,0.0,1.0,1.0,-0.1432,-1.9795,1.0,2,True,True,True,bernoulli,target
away_win,164438,0,0.0,54.07,0.459316,0.498342,0.0,0.0,0.0,1.0,1.0,0.1633,-1.9733,1.0,2,True,True,True,bernoulli,target
yrfi,164438,0,0.0,48.86,0.511445,0.499869,1.0,0.0,0.0,1.0,1.0,-0.0458,-1.9979,1.0,2,True,True,True,bernoulli,target
nrfi,164438,0,0.0,51.14,0.488555,0.499869,0.0,0.0,0.0,1.0,1.0,0.0458,-1.9979,1.0,2,True,True,True,bernoulli,target
extra_innings,164438,0,0.0,91.23,0.087723,0.282892,0.0,0.0,0.0,0.0,1.0,2.9147,6.4957,1.0,2,True,True,True,bernoulli,target
total_runs,164438,0,0.0,0.02,8.98594,4.671644,8.0,3.0,6.0,12.0,17.0,0.9723,2.3067,0.3666,51,False,True,True,negative_binomial,target
home_runs,164438,0,0.0,5.55,4.559177,3.134094,4.0,0.0,2.0,6.0,10.0,1.0917,2.3266,0.4115,34,False,True,True,negative_binomial,target
away_runs,164438,0,0.0,6.8,4.426763,3.221292,4.0,0.0,2.0,6.0,10.0,1.1447,2.4658,0.4227,36,False,True,True,negative_binomial,target
home_run_diff,164438,0,0.0,0.5,0.132415,4.309788,1.0,-7.0,-3.0,3.0,7.0,-0.0525,1.036,0.2485,58,False,True,False,skellam_or_gaussian,target
away_run_diff,164438,0,0.0,0.5,-0.132415,4.309788,-1.0,-7.0,-3.0,3.0,7.0,0.0525,1.036,0.2485,58,False,True,False,skellam_or_gaussian,target
first_5_total_runs,164438,0,0.0,4.6,5.102811,3.489594,5.0,1.0,3.0,7.0,12.0,1.0835,2.2667,0.4128,38,False,True,True,negative_binomial,target
first_5_home_runs,164438,0,0.0,19.56,2.688156,2.496006,2.0,0.0,1.0,4.0,7.0,1.3692,3.0666,0.4739,28,False,True,True,negative_binomial,target
first_5_away_runs,164438,0,0.0,22.49,2.414655,2.348495,2.0,0.0,1.0,4.0,7.0,1.4401,3.2358,0.493,28,False,True,True,negative_binomial,target
first_5_home_run_diff,164438,0,0.0,15.23,0.273501,3.36358,0.0,-5.0,-2.0,2.0,6.0,0.0679,1.4752,0.2245,50,False,True,False,skellam_or_gaussian,target
first_5_away_run_diff,164438,0,0.0,15.23,-0.273501,3.36358,0.0,-6.0,-2.0,2.0,5.0,-0.0679,1.4752,0.2245,50,False,True,False,skellam_or_gaussian,target
first_5_home_win,164438,0,0.0,54.37,0.4563,0.498087,0.0,0.0,0.0,1.0,1.0,0.1755,-1.9692,1.0,2,True,True,True,bernoulli,target
first_5_away_win,164438,0,0.0,60.86,0.391394,0.488062,0.0,0.0,0.0,1.0,1.0,0.4451,-1.8019,1.0,2,True,True,True,bernoulli,target
first_5_tie,164438,0,0.0,84.77,0.152307,0.359318,0.0,0.0,0.0,0.0,1.0,1.9353,1.7454,1.0,2,True,True,True,bernoulli,target
bat_game_ab,329038,0,0.0,0.05,34.274169,5.438701,34.0,28.0,31.0,36.0,42.0,3.5793,38.2655,0.3347,118,False,True,True,poisson,feature
bat_game_runs,329038,0,0.0,6.22,4.490858,3.179528,4.0,0.0,2.0,6.0,10.0,1.1164,2.3928,0.4166,38,False,True,True,negative_binomial,feature
bat_game_hits,329038,0,0.0,0.12,8.832618,3.561737,9.0,4.0,6.0,11.0,15.0,0.809,2.605,0.2952,46,False,True,True,negative_binomial,feature
bat_game_doubles,329038,0,0.0,22.09,1.614583,1.367335,1.0,0.0,1.0,2.0,4.0,1.0501,1.919,0.4275,17,False,True,True,poisson,feature
bat_game_triples,329038,0,0.0,81.55,0.210538,0.473875,0.0,0.0,0.0,0.0,1.0,2.4071,6.6071,0.7072,7,False,True,True,poisson,feature
bat_game_hr,329038,0,0.0,41.46,0.955443,1.064076,1.0,0.0,0.0,1.0,3.0,1.3592,2.8861,0.4837,14,False,True,True,poisson,feature
bat_game_rbi,329038,0,0.0,7.0,4.237371,3.063495,4.0,0.0,2.0,6.0,10.0,1.1448,2.5421,0.4169,38,False,True,True,negative_binomial,feature
bat_game_bb,329038,0,0.0,6.31,3.304156,2.166887,3.0,0.0,2.0,5.0,7.0,0.9621,2.1802,0.3717,27,False,True,True,negative_binomial,feature
bat_game_ibb,329038,0,0.0,79.74,0.254989,0.566531,0.0,0.0,0.0,0.0,1.0,2.7084,10.1049,0.636,10,False,True,True,negative_binomial,feature
bat_game_so,329038,0,0.0,0.61,6.419933,3.114845,6.0,2.0,4.0,8.0,12.0,0.8225,2.1546,0.3253,38,False,True,True,negative_binomial,feature
bat_game_sb,329038,0,0.0,60.65,0.602076,0.924615,0.0,0.0,0.0,1.0,2.0,1.9765,5.3729,0.586,12,False,True,True,negative_binomial,feature
bat_game_cs,329038,0,0.0,76.09,0.276913,0.533348,0.0,0.0,0.0,0.0,1.0,1.9951,4.4766,0.6661,8,False,True,True,poisson,feature
bat_game_hbp,329038,0,0.0,75.9,0.290283,0.567664,0.0,0.0,0.0,0.0,1.0,2.1809,5.94,0.6439,9,False,True,True,poisson,feature
bat_game_sac,329038,0,0.0,72.9,0.338052,0.619651,0.0,0.0,0.0,1.0,2.0,2.0583,5.4467,0.62,9,False,True,True,poisson,feature
bat_game_sf,329038,0,0.0,76.86,0.269133,0.53088,0.0,0.0,0.0,0.0,1.0,2.0906,5.2327,0.6523,9,False,True,True,poisson,feature
bat_game_gidp,329038,0,0.0,46.0,0.765614,0.864405,1.0,0.0,0.0,1.0,2.0,1.1494,1.728,0.4909,11,False,True,True,poisson,feature
bat_game_lob,329038,0,0.0,0.61,14.504112,5.736593,14.0,6.0,11.0,18.0,24.0,0.731,2.9112,0.2596,74,False,True,True,negative_binomial,feature
bat_players_used,329038,0,0.0,0.0,12.74075,3.575272,12.0,9.0,10.0,15.0,18.0,2.8015,18.5635,0.4104,61,False,True,True,poisson,feature
pit_game_innings_pitched,329038,0,0.0,0.05,8.544471,1.279347,8.3,7.3,8.0,9.0,10.0,4.361,52.8436,0.3585,337,False,False,True,gaussian,feature
pit_game_hits,329038,0,0.0,0.12,8.832579,3.561799,9.0,4.0,6.0,11.0,15.0,0.8091,2.6051,0.2952,46,False,True,True,negative_binomial,feature
pit_game_runs,329038,0,0.0,6.22,4.490843,3.17955,4.0,0.0,2.0,6.0,10.0,1.1165,2.3927,0.4166,38,False,True,True,negative_binomial,feature
pit_game_earned_runs,329038,0,0.0,7.73,4.065579,2.998247,4.0,0.0,2.0,6.0,10.0,1.1692,2.611,0.4218,36,False,True,True,negative_binomial,feature
pit_game_bb,329038,0,0.0,6.31,3.304144,2.166927,3.0,0.0,2.0,5.0,7.0,0.9621,2.1801,0.3717,27,False,True,True,negative_binomial,feature
pit_game_so,329038,0,0.0,0.61,6.419897,3.114735,6.0,2.0,4.0,8.0,12.0,0.8224,2.1542,0.3252,38,False,True,True,negative_binomial,feature
pit_game_hr,329038,0,0.0,41.46,0.955446,1.064066,1.0,0.0,0.0,1.0,3.0,1.3591,2.8858,0.4837,14,False,True,True,poisson,feature
pit_game_hbp,329038,0,0.0,75.9,0.29028,0.567663,0.0,0.0,0.0,0.0,1.0,2.181,5.9401,0.6439,9,False,True,True,poisson,feature
pit_game_pitches_thrown,329038,0,0.0,0.59,108.921243,49.503838,120.0,45.0,60.0,146.0,179.0,0.4257,0.765,0.3137,395,False,True,True,negative_binomial,feature
pit_game_strikes_thrown,329038,0,0.0,0.59,71.912904,27.269074,76.0,37.0,46.0,92.0,110.0,0.5839,2.0541,0.2653,251,False,True,True,negative_binomial,feature
pit_game_balls_thrown,329038,0,0.0,2.73,37.008339,23.644879,40.0,4.0,15.0,55.0,73.0,0.2916,-0.1063,0.375,189,False,True,True,negative_binomial,feature
pit_game_strikes_looking,329038,0,0.0,100.0,0.0,0.0,0.0,0.0,0.0,0.0,0.0,,,,1,True,True,True,bernoulli,feature
pit_game_strikes_swinging,329038,0,0.0,100.0,0.0,0.0,0.0,0.0,0.0,0.0,0.0,,,,1,True,True,True,bernoulli,feature
pit_players_used,329038,0,0.0,0.0,3.613628,3.08393,3.0,1.0,2.0,4.0,6.0,8.6838,103.5058,0.7174,54,False,True,True,negative_binomial,feature
pitch_is_pitch_sum,327104,1934,0.59,0.0,109.567018,48.938274,120.0,46.0,61.0,147.0,179.0,0.4695,0.7972,0.3214,394,False,True,True,negative_binomial,feature
pitch_is_strike_sum,327104,1934,0.59,0.41,43.8785,26.553375,50.0,6.0,18.0,65.0,81.0,0.2636,-0.1134,0.3705,205,False,True,True,negative_binomial,feature
pitch_is_ball_sum,327104,1934,0.59,2.15,37.302711,23.621651,41.0,4.0,16.0,55.0,73.0,0.2959,-0.0799,0.3724,189,False,True,True,negative_binomial,feature
pitch_is_in_play_sum,327104,1934,0.59,0.0,28.463281,5.688423,28.0,20.0,25.0,31.0,37.0,1.8979,16.7036,0.2336,105,False,True,True,poisson,feature
pitch_is_scoring_play_sum,327104,1934,0.59,6.41,9.536539,8.843875,7.0,0.0,3.0,14.0,27.0,1.6487,4.2611,0.5121,96,False,True,True,negative_binomial,feature
pitch_release_speed_mean,94630,234408,71.24,0.0,88.197415,2.220179,88.335644,84.506143,86.958614,89.63862,91.498612,-0.8899,4.0077,0.2557,84803,False,False,True,gaussian,feature
pitch_end_speed_mean,94630,234408,71.24,0.0,81.153683,2.088133,81.292484,77.725973,80.018517,82.482971,84.186517,-2.1732,52.4623,0.1032,84125,False,False,True,gaussian,feature
pitch_spin_rate_mean,94552,234486,71.26,0.0,1993.701654,316.553104,2068.075928,1446.576318,1739.266083,2248.053955,2417.575049,-0.4395,-0.6466,0.507,93135,False,False,True,gaussian,feature
pitch_coord_px_mean,94630,234408,71.24,0.0,-0.008095,0.177347,-0.002621,-0.307928,-0.122915,0.111062,0.27471,-0.1597,0.2203,0.3184,94362,False,False,False,gaussian,feature
pitch_coord_pz_mean,94630,234408,71.24,0.0,2.307087,0.180239,2.305116,2.015877,2.185509,2.425546,2.606729,0.0416,0.664,0.2734,92795,False,False,True,gaussian,feature
pitch_pfx_x_mean,94630,234408,71.24,0.0,-1.082324,2.863387,-1.451785,-5.239637,-3.082011,0.733674,4.078713,0.3909,2.0643,0.2276,94444,False,False,False,gaussian,feature
pitch_pfx_z_mean,94630,234408,71.24,0.0,4.787403,1.922546,4.812033,2.07539,3.775366,5.866448,7.622855,0.6355,55.8197,0.0239,94149,False,False,False,gaussian,feature
pitch_hit_launch_speed_mean,56859,272179,82.72,0.0,88.404187,3.316599,88.568001,82.712502,86.288116,90.686157,93.562613,-0.2818,0.2294,0.3342,30122,False,False,True,gaussian,feature
pitch_hit_launch_angle_mean,56859,272179,82.72,0.05,12.04458,6.597458,12.076923,1.181818,7.714286,16.4,22.73077,-0.0056,0.4395,0.2907,10794,False,False,False,gaussian,feature
pitch_hit_total_distance_mean,56859,272179,82.72,0.0,167.917285,31.1024,168.208328,116.620525,146.954544,188.945908,218.304686,-0.0134,0.0769,0.3251,28101,False,False,True,gaussian,feature
runner_is_out_sum,327104,1934,0.59,0.0,26.963269,3.686536,27.0,24.0,27.0,27.0,31.0,6.042,75.0474,0.4806,80,False,True,True,poisson,feature
runner_is_scoring_event_sum,327104,1934,0.59,6.18,4.492904,3.178893,4.0,0.0,2.0,6.0,10.0,1.1174,2.4001,0.4164,38,False,True,True,negative_binomial,feature
runner_rbi_sum,327104,1934,0.59,6.96,4.239535,3.063271,4.0,0.0,2.0,6.0,10.0,1.1456,2.5485,0.4168,38,False,True,True,negative_binomial,feature
runner_earned_sum,327104,1934,0.59,7.69,4.068024,2.9981,4.0,0.0,2.0,6.0,10.0,1.1701,2.6195,0.4216,36,False,True,True,negative_binomial,feature
runner_team_unearned_sum,327104,1934,0.59,73.95,0.431682,0.922165,0.0,0.0,0.0,1.0,2.0,3.1374,13.8218,0.6446,15,False,True,True,negative_binomial,feature
hit_spray_count,327104,1934,0.59,0.0,28.461462,5.687806,28.0,20.0,25.0,31.0,37.0,1.8979,16.7101,0.2335,105,False,True,True,poisson,feature
hit_x_mean,118474,210564,63.99,0.0,125.773908,8.363473,125.744484,112.283215,120.30525,131.25174,139.357784,0.0354,2.0653,0.1977,97311,False,False,True,gaussian,feature
hit_y_mean,118474,210564,63.99,0.0,124.353156,10.038019,124.235649,108.617962,117.778522,130.722752,140.630711,2.113,131.8024,0.0405,100308,False,False,True,gaussian,feature
weather_temp,217402,111636,33.93,0.0,73.048638,10.646017,73.0,54.0,67.0,80.0,90.0,-0.4051,0.5532,0.3276,93,False,True,True,negative_binomial,feature
probable_pitcher_home_id,327104,1934,0.59,0.0,188851.31464,250500.303515,-1.0,-1.0,-1.0,448147.0,656629.0,0.7872,-1.1001,0.8525,2198,False,True,False,gaussian,feature
probable_pitcher_away_id,327104,1934,0.59,0.0,188992.378436,250978.24611,-1.0,-1.0,-1.0,448179.0,656794.0,0.7898,-1.0954,0.8525,2311,False,True,False,gaussian,feature
rule_3batter_minimum,327104,1934,0.59,89.39,0.106064,0.30792,0.0,0.0,0.0,0.0,1.0,2.5587,4.5469,1.0,2,True,True,True,bernoulli,feature
rule_universal_dh,327104,1934,0.59,91.94,0.080623,0.272255,0.0,0.0,0.0,0.0,1.0,3.0808,7.4912,1.0,2,True,True,True,bernoulli,feature
rule_shift_ban_pitch_clock,327104,1934,0.59,93.61,0.063876,0.244531,0.0,0.0,0.0,0.0,1.0,3.567,10.7236,1.0,2,True,True,True,bernoulli,feature
is_home,329038,0,0.0,50.0,0.500009,0.5,1.0,0.0,0.0,1.0,1.0,-0.0,-2.0,1.0,2,True,True,True,bernoulli,feature
